{
    "pregunta": "¿Es parte de los Sombrero de Paja?",
    "si": {
        "pregunta": "¿Tiene una Akuma no Mi?",
        "si": {
            "pregunta": "¿Es mujer?",
            "si": {
                "pregunta": "¿Usa espada como arma principal?",
                "si": "Nico Robin",
                "no": "Nami"
            },
            "no": {
                "pregunta": "¿Usa espada como arma principal?",
                "si": "Brook",
                "no": "Luffy"
            }
        },
        "no": {
            "pregunta": "¿Es cocinero?",
            "si": "Sanji",
            "no": {
                "pregunta": "¿Es médico?",
                "si": "Chopper",
                "no": {
                    "pregunta": "¿Es carpintero?",
                    "si": "Franky",
                    "no": "Usopp"
                }
            }
        }
    },
    "no": {
        "pregunta": "¿Es parte del Gobierno Mundial o la Marina?",
        "si": {
            "pregunta": "¿Es un almirante?",
            "si": {
                "pregunta": "¿Usa luz como poder?",
                "si": "Kizaru",
                "no": {
                    "pregunta": "¿Controla magma?",
                    "si": "Akainu",
                    "no": "Aokiji"
                }
            },
            "no": {
                "pregunta": "¿Es mujer?",
                "si": "Tashigi",
                "no": "Garp"
            }
        },
        "no": {
            "pregunta": "¿Es una Yonkou?",
            "si": {
                "pregunta": "¿Es mujer?",
                "si": "Big Mom",
                "no": "Kaido"
            },
            "no": {
                "pregunta": "¿Tiene una Akuma no Mi?",
                "si": {
                    "pregunta": "¿Es usuario de la Ope Ope no Mi?",
                    "si": "Law",
                    "no": "Doflamingo"
                },
                "no": {
                    "pregunta": "¿Tiene una cicatriz en el ojo?",
                    "si": "Shanks",
                    "no": {
                        "pregunta": "es captus?",
                        "si": "captus",
                        "no": "Mihawk"
                    }
                }
            }
        }
    }
}